customer_id,churn,age,location,total_orders,total_spent,recency_days
1,0,44,GA,30,3500.91,5
2,1,62,IL,2,4646.66,178
3,0,52,MA,10,3109.32,126
4,1,53,FL,22,2963.9,97
5,0,36,IL,42,4966.29,63
6,1,41,GA,32,4980.83,323
7,0,65,OH,43,376.78,317
8,1,43,MA,8,1644.08,106
9,0,31,PA,10,397.29,17
10,0,60,NY,48,2640.34,133
11,0,34,WA,46,2549.43,38
12,0,26,GA,35,1995.91,310
13,1,62,OH,7,4658.37,286
14,1,34,OH,43,1703.81,222
15,0,50,NY,46,1084.18,24
16,0,51,IL,28,959.46,224
17,1,68,OH,22,2285.7,159
18,0,68,MA,8,986.35,51
19,1,69,TX,37,1127.01,276
20,0,19,GA,15,816.64,364
21,0,70,CA,2,3643.44,266
22,1,24,OH,8,4038.07,178
23,0,67,PA,7,4823.84,111
24,1,29,IL,5,1217.08,68
25,1,25,IL,12,1048.5,362
26,1,45,CA,29,1495.03,254
27,0,67,WA,38,313.4,218
28,0,47,WA,28,2859.11,252
29,1,30,MA,35,4941.51,328
30,0,40,PA,33,1686.4,174
31,1,30,OH,8,3156.06,152
32,1,59,IL,31,253.09,138
33,0,38,GA,50,4831.26,87
34,0,20,CA,22,1643.7,85
35,0,25,OH,24,1707.93,69
36,0,37,FL,47,574.5,40
37,1,38,IL,42,3892.89,266
38,1,57,NY,29,2545.43,353
39,1,69,WA,3,1308.04,339
40,1,56,MA,32,4301.33,66
41,0,59,OH,29,4045.53,274
42,0,37,MA,30,1334.54,279
43,0,25,WA,20,4295.83,355
44,1,61,TX,47,3953.51,167
45,0,25,IL,4,3226.19,287
46,0,48,NY,28,2314.59,51
47,0,31,NY,33,425.74,113
48,1,64,WA,37,1492.92,99
49,0,67,TX,34,1478.2,108
50,1,59,FL,16,4293.76,320
51,1,44,MA,32,68.99,342
52,1,49,IL,27,4386.92,171
53,1,24,FL,31,911.86,268
54,0,24,OH,27,2751.56,324
55,0,35,FL,30,2321.57,71
56,1,39,NY,40,1977.89,231
57,0,48,OH,7,4699.1,192
58,0,64,WA,48,1680.33,13
59,1,57,PA,7,266.88,211
60,1,21,OH,17,3087.79,317
61,0,62,IL,6,4644.67,160
62,1,41,IL,50,3967.49,230
63,0,24,WA,39,3307.03,251
64,1,56,NY,46,4573.18,26
65,0,69,NY,40,1327.97,326
66,0,66,NY,4,97.57,316
67,0,58,IL,31,3298.39,172
68,1,39,FL,4,2517.16,236
69,1,21,TX,8,4734.79,339
70,0,62,FL,36,4603.02,180
71,0,44,TX,3,582.49,365
72,1,39,CA,21,1761.75,337
73,0,47,WA,48,484.19,145
74,0,58,IL,7,3625.64,149
75,1,37,OH,6,3007.01,257
76,0,35,TX,10,4857.68,164
77,0,56,CA,44,1637.21,96
78,0,21,GA,10,220.26,279
79,0,47,NY,9,2983.51,204
80,1,31,TX,44,4875.95,319
81,1,69,WA,5,4796.39,290
82,0,27,TX,6,3565.23,262
83,0,53,MA,20,2357.97,64
84,1,47,PA,46,1495.74,299
85,0,47,TX,42,3556.64,324
86,0,19,GA,23,2105.47,295
87,1,21,FL,29,3993.91,302
88,1,18,IL,22,3282.08,43
89,1,56,IL,32,1123.54,168
90,1,20,NY,14,1150.86,61
91,1,63,MA,18,755.85,321
92,1,69,PA,36,637.05,203
93,0,53,OH,28,3997.28,62
94,1,39,OH,7,2000.99,232
95,0,51,GA,22,288.37,250
96,0,20,IL,2,1010.17,305
97,0,46,NY,8,3714.28,72
98,1,65,FL,39,2401.16,340
99,1,56,OH,47,3403.36,93
100,0,51,OH,1,1606.52,179
101,1,38,CA,41,587.65,300
102,0,44,TX,14,588.86,22
103,0,29,MA,39,4696.74,50
104,0,37,MA,10,341.18,53
105,1,66,TX,16,975.75,80
106,0,62,FL,1,2377.48,161
107,1,20,CA,22,1513.15,37
108,1,20,FL,29,2395.88,159
109,1,35,TX,26,789.47,154
110,1,52,NY,44,1568.3,195
111,1,42,FL,46,1631.78,25
112,1,63,PA,40,3265.55,213
113,0,46,FL,38,3436.4,311
114,1,23,OH,27,1882.08,316
115,0,40,OH,33,3265.87,218
116,0,28,WA,18,4804.93,214
117,1,38,TX,41,4073.19,31
118,1,70,WA,26,3097.06,61
119,0,48,TX,36,2161.33,230
120,0,27,CA,28,4460.86,93
121,1,52,IL,9,2723.8,243
122,0,27,GA,14,1912.11,240
123,1,21,TX,16,3494.43,4
124,1,32,TX,37,2192.08,231
125,1,36,NY,44,2854.92,344
126,1,57,NY,40,73.51,258
127,0,27,TX,11,3386.94,228
128,1,53,WA,32,671.28,220
129,0,57,IL,41,4866.35,349
130,0,54,OH,26,1216.19,355
131,0,64,CA,36,2592.06,5
132,0,19,GA,11,4689.71,350
133,1,24,IL,18,2581.73,206
134,0,38,OH,26,1983.3,74
135,0,43,OH,48,617.61,140
136,0,58,IL,5,4192.69,294
137,0,19,NY,23,2436.67,23
138,1,24,TX,42,2014.83,104
139,0,47,WA,43,3862.22,22
140,0,23,GA,32,4964.27,23
141,1,20,OH,9,724.2,183
142,0,50,PA,29,1638.34,15
143,0,21,CA,45,1689.95,20
144,1,60,NY,7,79.17,108
145,1,26,CA,36,2568.66,248
146,0,46,NY,24,3469.57,175
147,0,28,WA,10,4342.74,292
148,0,44,NY,28,4760.65,69
149,1,64,CA,39,4493.85,5
150,1,37,OH,17,4491.48,89
151,0,35,GA,32,3599.28,170
152,0,35,GA,8,78.98,4
153,1,42,FL,18,913.23,140
154,1,43,PA,29,3374.04,220
155,1,30,NY,10,2083.58,155
156,0,53,PA,7,4021.25,135
157,1,38,IL,7,4290.18,182
158,0,54,NY,15,4322.73,164
159,0,18,NY,25,2262.16,189
160,1,54,FL,19,1916.36,184
161,0,36,MA,50,2892.85,164
162,1,58,FL,6,709.14,88
163,0,63,CA,16,3828.66,332
164,0,54,CA,19,4500.66,44
165,1,65,GA,49,3488.0,144
166,0,38,FL,48,2920.21,14
167,1,60,GA,21,1372.48,311
168,1,61,NY,37,3149.24,99
169,0,27,CA,48,1947.52,311
170,1,53,PA,50,2155.01,18
171,1,41,PA,22,3200.55,173
172,0,38,FL,2,4745.41,299
173,0,48,PA,6,1988.26,133
174,0,70,PA,25,2285.78,272
175,1,31,NY,49,609.76,322
176,0,64,PA,28,836.49,315
177,1,67,TX,39,3250.39,188
178,1,18,PA,45,2584.18,48
179,1,61,GA,46,1103.47,95
180,1,44,MA,37,2007.75,120
181,1,43,CA,46,1713.67,217
182,1,40,MA,35,2302.01,178
183,1,45,NY,19,270.7,141
184,1,26,NY,9,721.65,77
185,0,38,PA,49,346.8,210
186,0,26,OH,2,138.2,94
187,0,63,TX,28,2832.05,106
188,0,39,PA,37,1120.65,362
189,1,60,IL,10,1570.15,52
190,0,61,IL,45,771.75,187
191,1,60,FL,24,3571.13,106
192,0,30,FL,4,4517.25,14
193,0,19,MA,20,2470.49,198
194,1,28,FL,6,4647.25,51
195,1,48,IL,29,4874.89,270
196,0,38,PA,42,3581.09,21
197,0,23,WA,19,4909.88,148
198,0,51,PA,31,1893.16,15
199,1,62,PA,6,2292.83,347
200,1,44,FL,47,1351.79,353
201,1,37,IL,30,308.68,165
202,0,30,FL,30,4164.03,87
203,1,25,NY,43,2239.23,332
204,0,30,PA,38,3903.06,314
205,0,44,PA,36,4388.75,316
206,1,33,IL,48,3367.91,50
207,1,52,FL,21,1302.2,298
208,0,64,PA,31,3075.73,119
209,1,61,PA,19,4852.8,62
210,0,61,MA,8,4600.81,138
211,0,29,MA,28,3262.5,353
212,1,27,GA,31,4476.28,277
213,0,53,WA,16,2410.42,176
214,0,25,PA,8,3586.33,32
215,1,24,TX,4,2550.54,184
216,1,51,MA,8,204.56,22
217,0,70,IL,13,1909.56,362
218,0,44,CA,40,4526.07,251
219,1,60,FL,30,222.58,234
220,0,24,CA,45,2513.73,120
221,1,57,IL,34,4371.27,363
222,1,41,OH,19,2075.48,276
223,1,36,WA,27,1520.31,204
224,1,23,PA,11,2349.44,265
225,1,69,MA,40,702.92,362
226,0,53,WA,12,3484.5,46
227,1,50,FL,48,1823.85,309
228,0,18,OH,28,261.11,361
229,1,66,IL,33,3621.41,110
230,1,34,FL,13,4600.12,349
231,1,49,TX,49,1259.04,100
232,1,64,MA,7,1021.37,140
233,0,35,TX,7,1906.3,50
234,0,63,GA,1,4248.8,198
235,1,20,OH,2,884.51,291
236,0,40,WA,13,1370.76,94
237,1,41,GA,4,2552.49,13
238,1,64,TX,8,1065.23,11
239,1,21,PA,32,287.16,222
240,1,65,NY,2,147.5,233
241,1,23,MA,13,3547.73,187
242,1,41,GA,1,2548.81,361
243,0,56,GA,39,576.49,352
244,0,44,TX,10,1743.5,108
245,0,37,OH,25,4497.95,135
246,0,23,MA,7,72.29,117
247,0,18,PA,6,3001.98,287
248,0,65,TX,14,4478.35,144
249,0,39,TX,24,3648.96,191
250,1,29,IL,39,3820.04,17
251,0,22,PA,24,4527.99,163
252,1,51,MA,3,2560.8,33
253,0,36,WA,28,3689.27,14
254,0,24,WA,33,2024.88,14
255,0,39,GA,7,3423.29,64
256,1,51,GA,14,656.36,155
257,1,60,CA,19,4980.32,108
258,1,64,CA,34,2568.87,243
259,1,37,NY,35,538.55,347
260,1,50,GA,24,2695.97,150
261,0,44,TX,34,957.6,34
262,0,29,WA,15,4657.83,232
263,0,62,FL,46,1944.05,173
264,1,67,CA,19,3220.53,162
265,1,23,FL,17,3126.3,28
266,0,70,WA,23,2314.5,80
267,1,32,CA,10,2230.5,7
268,0,39,GA,32,535.06,233
269,0,62,GA,30,4834.77,127
270,0,28,FL,11,4211.62,251
271,0,50,NY,49,2996.01,348
272,0,20,MA,7,3374.15,212
273,0,42,WA,47,3719.64,33
274,1,23,PA,13,1222.94,201
275,1,44,NY,5,4521.21,285
276,0,37,GA,33,3840.67,84
277,1,67,WA,50,2781.44,112
278,0,45,WA,41,4769.42,223
279,1,29,IL,15,3260.04,111
280,1,56,CA,7,4427.05,259
281,1,52,FL,41,115.13,67
282,0,34,PA,14,1030.07,302
283,1,50,OH,21,528.11,336
284,0,56,FL,41,3534.42,312
285,0,52,FL,46,3285.62,213
286,1,66,PA,45,3858.07,27
287,1,62,OH,7,2265.75,170
288,1,40,WA,29,1600.81,318
289,0,69,GA,31,3978.82,219
290,1,54,TX,33,3476.82,246
291,0,35,OH,15,2457.93,52
292,0,53,FL,19,4505.03,355
293,1,51,MA,26,3946.54,234
294,0,62,MA,46,3801.62,263
295,0,59,GA,14,2915.0,7
296,0,55,CA,24,356.06,162
297,1,65,MA,24,172.79,18
298,1,50,NY,39,1320.87,304
299,0,40,WA,44,1817.26,238
300,0,37,FL,18,3765.86,158
301,0,21,FL,9,2214.37,312
302,0,68,NY,7,1909.55,212
303,1,24,GA,22,3168.09,336
304,1,33,GA,4,4258.3,27
305,0,36,FL,24,3706.62,291
306,1,46,TX,5,825.25,279
307,1,55,OH,8,814.1,244
308,0,58,PA,39,3756.63,291
309,1,59,IL,47,3679.51,213
310,0,20,WA,18,4767.06,146
311,0,69,TX,9,937.71,14
312,0,64,OH,12,1856.46,206
313,0,37,OH,41,4507.97,222
314,1,25,CA,11,526.83,190
315,1,30,GA,41,419.14,118
316,1,59,CA,25,1664.83,219
317,0,27,PA,23,1974.5,173
318,1,22,WA,11,3255.73,73
319,0,60,IL,12,1136.36,39
320,1,34,OH,1,1858.53,282
321,1,51,OH,20,387.39,256
322,1,62,PA,41,757.89,160
323,1,55,CA,45,2375.44,290
324,0,30,WA,40,2514.35,74
325,0,57,WA,27,2780.43,49
326,0,68,FL,49,2530.48,316
327,0,61,OH,47,2719.24,100
328,0,28,NY,11,1854.64,282
329,0,41,GA,37,2542.65,347
330,1,44,TX,41,3438.9,249
331,0,26,TX,36,3946.26,22
332,1,27,FL,47,396.4,212
333,1,48,OH,6,4668.76,37
334,0,57,OH,32,1669.68,261
335,0,36,CA,37,4553.37,105
336,0,22,PA,47,870.21,364
337,0,52,WA,40,92.7,258
338,1,58,CA,1,2002.36,15
339,1,53,FL,22,1196.59,317
340,1,35,WA,4,3779.69,287
341,0,42,FL,48,2074.35,6
342,0,55,GA,4,3348.82,177
343,0,36,TX,1,3342.67,105
344,1,59,NY,20,3794.17,132
345,0,34,NY,48,2982.13,280
346,0,22,OH,27,4685.28,173
347,1,38,MA,4,375.08,83
348,0,21,CA,40,3744.15,134
349,1,35,OH,10,1812.88,187
350,0,38,NY,31,727.7,246
351,0,60,TX,27,3101.9,229
352,1,45,IL,48,1925.67,24
353,0,55,MA,50,1135.37,143
354,0,65,CA,25,4125.12,163
355,0,32,PA,12,2495.59,6
356,0,64,OH,1,1529.47,150
357,1,58,CA,40,835.05,215
358,1,66,WA,19,2030.29,61
359,1,27,GA,26,3667.72,79
360,0,25,GA,23,2424.27,28
361,0,46,OH,15,1001.88,262
362,0,58,TX,28,2618.52,12
363,1,36,CA,50,4662.62,272
364,1,57,NY,35,758.42,167
365,0,23,OH,13,914.97,47
366,0,70,IL,9,4479.76,253
367,0,65,TX,20,3422.64,249
368,0,49,GA,33,1229.05,133
369,1,33,CA,47,3063.27,14
370,0,47,GA,18,1960.93,225
371,1,41,TX,50,1352.58,94
372,0,61,IL,47,880.23,179
373,1,40,NY,37,845.38,129
374,1,33,WA,21,3038.41,111
375,0,47,WA,36,4268.26,162
376,0,49,OH,13,4109.5,70
377,0,61,FL,47,4237.27,9
378,0,63,PA,8,1346.91,327
379,1,60,WA,43,3486.23,227
380,1,56,PA,7,1384.21,248
381,0,64,TX,30,1949.41,151
382,1,49,WA,38,1879.62,150
383,1,35,TX,33,4279.66,11
384,0,20,NY,9,4606.69,304
385,1,51,PA,19,1374.23,148
386,1,54,CA,37,2728.82,337
387,0,22,PA,23,3660.9,159
388,0,69,FL,1,1654.14,354
389,0,45,FL,5,3697.87,211
390,0,24,OH,46,2789.95,39
391,1,52,CA,33,971.26,307
392,0,37,CA,6,1520.28,352
393,0,19,TX,21,2577.47,46
394,1,37,TX,29,142.47,5
395,0,21,WA,47,4030.52,242
396,0,55,CA,26,1451.88,10
397,0,64,PA,45,1867.33,343
398,0,52,IL,19,4416.53,141
399,0,67,CA,40,196.64,302
400,1,27,OH,32,819.71,333
401,0,20,TX,22,373.19,306
402,0,23,CA,49,3487.0,205
403,1,50,TX,13,362.18,84
404,1,51,TX,16,2043.2,96
405,1,49,GA,14,2736.13,216
406,1,23,OH,43,1900.62,281
407,0,56,WA,11,2157.36,321
408,0,51,CA,1,4881.21,326
409,1,44,OH,37,4410.79,1
410,1,68,NY,6,2577.28,184
411,1,50,CA,22,4563.62,131
412,1,41,PA,42,4804.33,313
413,0,19,NY,31,1400.86,44
414,0,28,CA,8,321.38,198
415,0,63,PA,19,3465.2,141
416,0,66,GA,45,4253.31,93
417,1,39,MA,37,2501.53,234
418,1,60,IL,7,2989.04,278
419,1,32,IL,15,3614.37,228
420,1,27,NY,46,1416.23,130
421,1,45,IL,27,1569.89,280
422,0,55,GA,36,1858.56,335
423,1,31,IL,9,2904.19,91
424,1,66,TX,43,113.67,317
425,1,32,NY,28,1677.45,342
426,1,48,IL,49,4868.11,189
427,0,43,FL,4,465.55,15
428,0,63,IL,10,726.06,188
429,1,43,WA,3,84.42,12
430,1,33,GA,30,1433.8,19
431,1,41,CA,19,2030.5,335
432,0,56,OH,30,4978.64,361
433,0,47,CA,9,3413.83,159
434,0,27,TX,27,970.79,86
435,0,18,OH,10,4970.94,56
436,0,44,GA,24,2279.57,323
437,1,66,NY,27,4962.1,325
438,1,23,GA,16,2192.37,96
439,0,56,FL,13,3947.77,352
440,0,34,TX,44,2664.84,178
441,1,36,MA,10,2113.41,128
442,0,59,CA,39,2621.78,359
443,1,38,OH,14,1451.08,71
444,1,32,WA,27,3578.9,19
445,1,42,GA,3,3375.1,316
446,1,53,NY,33,1201.66,344
447,1,58,PA,12,2959.41,111
448,0,38,MA,9,2185.76,127
449,0,20,GA,12,3556.12,47
450,0,56,CA,15,4528.26,9
451,0,20,OH,34,2921.53,137
452,0,26,NY,19,559.68,131
453,0,26,TX,29,3567.32,179
454,1,51,WA,11,1569.01,273
455,0,54,PA,33,3806.75,201
456,0,36,NY,25,2027.2,1
457,1,42,FL,41,1888.2,208
458,1,30,OH,21,3015.25,247
459,1,33,GA,47,4746.45,226
460,1,51,NY,42,282.93,54
461,0,41,IL,35,1898.22,91
462,0,44,NY,25,3968.64,338
463,1,24,OH,42,1457.33,20
464,0,57,FL,32,643.25,28
465,0,40,WA,36,4604.62,188
466,1,40,PA,33,3429.25,314
467,1,21,OH,8,4441.07,190
468,0,24,NY,13,1588.29,39
469,0,63,NY,23,4641.36,17
470,0,18,FL,5,596.3,178
471,0,49,CA,28,2931.26,300
472,1,61,NY,36,2763.52,234
473,1,41,TX,14,2485.34,94
474,0,25,IL,48,703.62,4
475,1,41,CA,38,1322.1,266
476,1,30,OH,20,1197.25,161
477,1,60,GA,31,4689.62,43
478,0,52,WA,41,3287.11,249
479,1,62,TX,17,1380.97,224
480,1,53,CA,50,1087.07,28
481,1,23,WA,30,2271.84,214
482,1,49,WA,30,2488.44,303
483,0,55,MA,24,2801.74,300
484,1,48,IL,13,532.8,344
485,0,28,WA,8,1938.12,136
486,0,40,PA,20,501.49,97
487,0,43,PA,17,1653.38,110
488,0,41,GA,34,335.95,317
489,1,68,GA,47,2920.33,12
490,0,48,TX,50,241.37,198
491,1,22,NY,44,4834.11,33
492,0,24,FL,29,2023.7,225
493,0,42,CA,37,1006.67,158
494,0,56,CA,15,140.18,306
495,0,23,GA,26,1780.07,308
496,1,58,MA,33,793.92,80
497,1,40,OH,23,4614.92,178
498,0,69,GA,31,4628.76,102
499,1,61,PA,31,2549.82,266
500,1,60,WA,45,4486.27,13
501,1,40,NY,47,1164.78,261
502,1,28,MA,14,2634.48,189
503,0,50,GA,48,2602.42,226
504,0,27,NY,12,1007.62,350
505,1,52,GA,48,842.51,121
506,0,62,PA,43,757.04,258
507,0,51,TX,32,4104.05,139
508,0,21,IL,30,2850.79,201
509,0,60,NY,8,4090.08,129
510,0,67,OH,42,3109.76,47
511,1,54,NY,49,3996.84,163
512,0,45,CA,45,2384.47,183
513,1,53,FL,28,398.29,340
514,1,67,MA,19,3211.26,105
515,1,52,MA,3,3679.97,73
516,1,38,NY,25,4712.33,59
517,0,29,MA,26,2175.02,39
518,1,31,IL,16,1560.72,53
519,1,30,CA,36,3980.87,352
520,1,42,GA,47,4802.42,71
521,0,40,TX,49,1070.05,51
522,0,50,PA,40,3697.93,239
523,0,55,NY,12,2511.23,17
524,0,33,OH,25,4653.82,10
525,0,41,NY,37,1199.54,232
526,1,41,GA,46,1063.28,100
527,0,45,IL,23,790.87,249
528,1,60,MA,9,417.5,298
529,0,18,TX,42,4192.44,336
530,0,53,FL,9,4111.68,293
531,1,29,GA,36,3529.4,346
532,0,35,PA,37,4343.93,145
533,1,66,CA,21,4835.32,237
534,1,20,PA,18,3684.49,309
535,1,34,MA,33,891.38,137
536,1,54,PA,12,1337.32,49
537,0,23,MA,15,1438.84,308
538,0,46,GA,15,3344.03,147
539,1,69,FL,49,1971.09,331
540,0,69,CA,35,2589.47,217
541,0,40,MA,23,4964.07,313
542,0,44,FL,19,571.36,324
543,0,22,MA,36,4502.98,137
544,1,28,NY,35,699.41,132
545,0,69,CA,47,86.99,107
546,1,61,GA,48,3253.62,176
547,0,63,MA,8,2982.05,134
548,0,23,GA,10,81.19,117
549,1,65,NY,19,378.84,139
550,0,36,NY,38,3903.47,194
551,1,70,OH,35,4234.0,133
552,0,48,MA,30,1103.33,158
553,0,62,FL,13,4023.12,171
554,0,68,FL,20,3553.34,3
555,1,38,OH,39,3107.42,324
556,1,46,PA,23,2555.53,363
557,1,33,PA,49,2239.6,261
558,1,70,TX,25,1240.95,49
559,1,36,PA,14,2243.66,100
560,0,28,PA,18,4731.48,257
561,1,68,TX,13,2240.64,168
562,1,69,NY,6,2638.96,344
563,1,24,FL,4,2305.39,59
564,0,26,OH,7,2171.88,21
565,1,48,FL,42,145.14,274
566,1,33,NY,3,583.74,217
567,0,33,FL,9,3375.2,8
568,0,55,GA,2,3834.94,194
569,1,37,NY,9,1021.44,111
570,0,30,FL,29,2158.07,250
571,1,29,NY,45,560.22,303
572,1,29,NY,25,1885.58,348
573,1,43,TX,24,2105.12,177
574,0,33,FL,41,4631.53,10
575,0,43,GA,21,3885.34,8
576,0,27,FL,15,3509.04,144
577,1,36,OH,5,535.14,110
578,0,66,WA,11,4243.26,178
579,1,60,IL,43,1996.48,250
580,1,54,WA,39,980.97,245
581,1,54,OH,1,4438.06,362
582,0,55,IL,18,4050.55,301
583,1,21,WA,6,1423.52,21
584,1,31,WA,15,938.6,174
585,1,18,TX,16,277.71,122
586,0,62,OH,48,783.96,122
587,1,43,PA,41,314.18,28
588,1,29,PA,20,4525.75,306
589,1,31,PA,21,137.98,242
590,0,66,CA,4,417.81,152
591,0,34,PA,22,630.25,105
592,1,55,IL,14,1520.14,334
593,0,61,MA,16,106.55,173
594,1,56,TX,15,3691.73,175
595,1,20,MA,26,3322.61,278
596,1,47,OH,48,1865.93,220
597,0,47,MA,23,2104.52,152
598,0,47,CA,42,3376.96,32
599,1,41,PA,33,2159.76,11
600,1,39,GA,14,337.26,356
601,0,31,OH,39,3046.03,120
602,0,47,OH,18,1945.96,155
603,1,46,GA,38,3769.05,144
604,1,43,CA,43,1498.33,240
605,0,42,PA,6,4297.5,51
606,0,43,TX,29,1971.91,305
607,0,37,PA,41,2723.94,210
608,1,67,GA,19,4547.14,145
609,1,57,CA,3,3997.15,63
610,0,48,MA,7,92.97,109
611,0,49,GA,28,246.96,52
612,1,23,CA,41,742.19,304
613,0,67,FL,10,1797.88,33
614,1,23,PA,50,1652.88,201
615,1,56,GA,15,753.24,343
616,1,67,PA,45,4300.1,243
617,1,26,MA,15,2166.27,311
618,1,40,MA,22,1002.88,247
619,1,22,GA,28,1128.4,81
620,1,38,CA,31,3553.6,105
621,1,63,MA,33,2715.28,110
622,1,25,NY,22,2477.97,137
623,0,68,MA,14,3908.48,122
624,1,26,OH,40,2838.9,255
625,0,54,MA,44,3582.04,76
626,1,59,WA,19,4606.13,149
627,0,39,OH,3,3270.01,175
628,0,29,WA,49,900.65,150
629,1,57,GA,40,3290.24,93
630,1,57,PA,23,4698.84,158
631,1,37,WA,37,1534.31,204
632,0,49,OH,43,2748.31,65
633,1,49,WA,40,1969.7,55
634,0,35,FL,49,2873.81,326
635,1,39,MA,21,2326.35,33
636,1,62,WA,27,1330.92,78
637,1,36,MA,28,1873.2,186
638,0,64,CA,26,3291.96,251
639,0,33,GA,4,3210.35,165
640,0,54,OH,18,1302.66,113
641,0,67,FL,46,4358.77,293
642,1,68,GA,47,568.72,146
643,0,63,TX,27,941.64,213
644,0,27,TX,42,3314.41,76
645,1,66,MA,12,1135.69,271
646,0,33,MA,50,203.88,289
647,0,27,IL,27,1779.0,209
648,1,67,OH,11,2824.8,306
649,0,70,CA,21,2302.28,115
650,1,63,OH,37,4743.61,360
651,1,62,WA,23,2998.34,43
652,1,54,PA,41,4777.44,31
653,0,59,NY,19,1728.72,102
654,1,30,OH,50,3575.12,136
655,0,55,CA,49,2000.26,329
656,1,50,OH,47,4443.22,60
657,1,30,GA,4,2078.96,259
658,1,53,WA,19,2164.32,48
659,1,44,WA,40,102.86,311
660,0,51,OH,38,4568.69,143
661,0,28,FL,13,3477.76,157
662,0,24,CA,17,4521.95,363
663,1,66,FL,12,4521.85,14
664,0,18,NY,6,4353.27,322
665,1,47,IL,32,4194.04,237
666,0,59,WA,27,1363.13,6
667,1,52,MA,14,1919.68,348
668,0,40,OH,24,2920.85,305
669,1,58,FL,14,1392.92,317
670,1,56,NY,44,4780.7,298
671,0,47,IL,27,4456.47,258
672,0,33,GA,13,2816.53,256
673,1,36,PA,31,3451.17,56
674,1,32,NY,49,1592.91,242
675,0,62,MA,17,4270.57,263
676,0,68,PA,30,4486.37,138
677,1,48,FL,17,1899.67,277
678,1,60,FL,2,2170.28,142
679,0,25,NY,24,4825.72,86
680,1,24,TX,43,623.7,184
681,1,28,PA,38,989.54,74
682,0,26,OH,18,344.63,147
683,0,24,TX,35,3890.9,152
684,1,18,NY,16,3853.61,160
685,0,38,MA,36,3233.19,255
686,0,20,GA,1,2167.9,203
687,1,47,OH,39,1074.95,200
688,1,20,GA,48,2691.6,201
689,0,67,OH,44,1223.03,67
690,0,67,CA,19,4610.35,32
691,0,35,NY,17,1521.05,280
692,0,42,IL,39,1010.67,310
693,1,40,CA,18,202.38,360
694,1,21,WA,30,2055.52,342
695,1,21,TX,18,4784.1,87
696,0,37,FL,9,439.28,88
697,1,66,MA,22,3778.0,16
698,0,44,FL,13,4046.54,325
699,0,48,PA,49,4613.48,97
700,0,67,WA,17,3226.46,317
701,1,30,NY,31,4778.0,254
702,0,40,IL,48,3596.3,349
703,1,21,NY,27,4299.57,58
704,0,51,CA,10,3534.39,251
705,1,51,NY,3,4616.79,24
706,1,55,FL,7,4306.26,188
707,1,70,OH,31,3964.37,357
708,0,49,OH,49,1395.82,157
709,0,42,NY,39,288.02,163
710,1,43,TX,44,3433.83,261
711,0,65,FL,12,3194.26,85
712,0,29,PA,11,347.68,350
713,0,68,GA,48,2617.19,103
714,0,60,CA,36,3704.58,210
715,1,47,CA,15,2002.81,313
716,1,70,WA,30,708.85,241
717,0,55,WA,42,833.08,48
718,0,63,TX,4,948.44,144
719,1,70,OH,18,1843.04,229
720,1,29,TX,29,4126.12,303
721,0,52,NY,44,553.79,3
722,1,50,TX,24,1755.16,215
723,0,61,PA,45,3954.38,85
724,0,67,PA,11,4281.45,162
725,0,67,GA,46,1400.21,29
726,1,64,CA,23,4616.12,301
727,1,69,TX,24,2468.72,333
728,1,18,FL,9,1538.7,11
729,1,61,TX,13,2421.8,28
730,0,22,OH,28,4202.42,246
731,0,70,IL,43,3882.96,218
732,0,32,PA,20,2397.2,320
733,1,37,GA,31,1454.5,148
734,1,21,WA,23,900.35,92
735,1,45,MA,30,4600.88,333
736,1,59,CA,24,707.88,248
737,1,22,NY,22,3088.14,176
738,0,60,TX,25,1317.81,357
739,1,54,CA,20,3154.67,227
740,1,59,MA,22,1979.76,16
741,0,57,TX,48,4129.74,302
742,1,34,NY,45,4517.96,7
743,1,27,CA,12,2864.33,226
744,1,61,IL,49,275.23,52
745,1,57,IL,31,4675.14,283
746,1,49,NY,38,1275.35,344
747,1,32,CA,50,631.11,357
748,1,36,NY,27,3321.4,130
749,0,37,OH,27,1345.24,178
750,0,20,PA,49,2232.79,161
751,0,23,FL,23,1472.13,212
752,1,64,IL,26,884.19,349
753,0,66,MA,33,826.08,37
754,0,52,MA,9,1728.75,269
755,0,49,IL,36,3366.31,235
756,1,68,PA,49,519.6,249
757,0,61,IL,5,2472.01,342
758,0,33,PA,7,2095.52,144
759,0,35,NY,38,473.82,213
760,1,38,WA,5,4651.66,343
761,1,20,NY,8,1768.55,132
762,1,35,FL,40,527.32,50
763,0,42,FL,45,4147.45,189
764,0,29,PA,28,4152.32,122
765,0,57,TX,9,3425.96,81
766,1,49,PA,15,2951.91,301
767,1,69,TX,1,3688.51,70
768,0,48,TX,50,4618.13,289
769,1,21,FL,11,947.79,330
770,0,62,CA,21,4624.32,73
771,1,22,WA,24,3969.46,12
772,1,50,WA,15,1261.71,310
773,1,41,PA,46,2498.57,255
774,0,68,OH,8,928.31,293
775,1,59,WA,14,2261.24,313
776,1,68,IL,26,1922.1,27
777,1,59,WA,32,4801.07,122
778,1,56,OH,39,1487.27,190
779,0,42,FL,35,78.56,132
780,0,25,PA,35,4332.85,265
781,1,51,NY,18,186.42,298
782,1,18,OH,14,3972.99,126
783,1,48,CA,37,3789.51,85
784,1,55,TX,33,4640.93,303
785,1,51,PA,29,4632.93,14
786,1,44,WA,36,4277.75,292
787,1,35,PA,50,323.1,255
788,0,52,PA,22,2656.82,314
789,1,65,TX,9,3458.51,94
790,0,60,MA,47,3022.17,297
791,0,33,OH,26,2515.82,61
792,1,65,PA,45,1256.72,256
793,1,25,MA,7,3422.0,339
794,1,54,WA,46,769.31,233
795,0,40,NY,42,449.27,107
796,1,50,TX,20,298.77,270
797,1,53,WA,17,3869.09,92
798,1,61,OH,22,2586.85,123
799,0,21,MA,27,2286.13,84
800,1,25,MA,15,3014.72,15
801,0,51,FL,44,1192.35,19
802,0,25,CA,47,3168.68,283
803,1,38,IL,45,3858.78,335
804,1,47,CA,12,1142.37,224
805,0,58,FL,40,2558.72,54
806,1,42,OH,33,3380.3,182
807,1,23,NY,5,1946.25,113
808,1,31,OH,37,3264.0,25
809,1,62,IL,4,1995.07,280
810,0,59,GA,12,2116.23,128
811,0,47,WA,23,4531.0,158
812,1,48,IL,21,328.15,23
813,0,28,MA,32,3163.88,42
814,0,39,CA,48,344.63,207
815,1,36,NY,7,4202.98,159
816,0,32,IL,6,479.72,223
817,1,49,NY,5,1258.69,283
818,0,35,GA,36,3224.63,322
819,0,57,NY,20,722.72,336
820,0,52,PA,50,2342.56,186
821,1,18,OH,33,4723.05,344
822,0,43,NY,48,2710.25,337
823,0,47,GA,7,4165.76,301
824,0,62,WA,35,1939.82,231
825,1,69,GA,5,1361.35,129
826,1,49,OH,7,2949.37,361
827,1,26,MA,6,4052.0,14
828,0,61,WA,23,2140.81,242
829,0,36,PA,14,3419.88,102
830,1,40,MA,5,782.19,135
831,0,27,NY,6,903.43,328
832,0,57,CA,44,528.14,300
833,0,59,FL,13,4206.97,31
834,1,50,CA,17,4344.11,361
835,1,26,TX,15,3115.62,206
836,0,34,OH,1,3154.24,203
837,0,19,PA,43,792.85,346
838,1,63,TX,38,220.14,120
839,1,51,PA,21,1111.37,242
840,1,35,TX,32,3984.35,279
841,0,57,GA,36,2348.22,190
842,1,47,IL,35,3678.75,269
843,1,36,CA,35,3020.48,348
844,1,65,TX,30,1859.93,301
845,0,38,IL,31,4167.84,85
846,0,63,CA,28,3277.46,102
847,0,68,FL,40,4900.17,278
848,1,51,GA,7,3937.67,285
849,0,61,CA,3,2692.46,31
850,1,61,WA,16,977.71,256
851,0,47,CA,21,2334.02,318
852,1,33,CA,10,3126.87,154
853,0,19,GA,42,3082.62,176
854,1,41,WA,14,4133.52,201
855,0,61,OH,4,4747.49,190
856,1,34,NY,36,2775.31,57
857,0,37,MA,30,4705.4,258
858,1,65,CA,15,1622.17,155
859,1,67,IL,38,1072.23,163
860,1,69,FL,12,2390.96,113
861,0,38,IL,18,3690.9,318
862,0,32,CA,4,1813.18,258
863,1,37,TX,46,2903.94,341
864,0,43,WA,36,321.98,333
865,1,20,FL,37,3022.59,52
866,1,64,WA,24,3657.03,207
867,1,59,MA,14,547.31,194
868,1,32,FL,50,296.89,92
869,1,69,FL,43,4271.97,12
870,0,54,NY,24,3408.91,329
871,1,47,MA,39,640.8,97
872,1,42,GA,22,3233.37,138
873,0,65,GA,37,2501.94,45
874,0,60,IL,8,3225.97,315
875,0,37,NY,28,1049.82,299
876,0,65,NY,15,2016.05,28
877,1,30,CA,30,2034.79,83
878,1,45,GA,27,4591.76,4
879,0,47,WA,34,1303.71,362
880,0,36,MA,20,1211.59,135
881,0,33,PA,19,74.24,251
882,1,18,MA,39,853.6,211
883,0,50,TX,29,73.56,33
884,0,55,NY,40,4051.95,127
885,0,46,IL,16,3441.53,96
886,1,48,MA,18,1518.33,273
887,1,57,IL,39,4918.64,218
888,1,35,GA,26,2219.06,233
889,1,33,FL,21,4392.55,258
890,1,26,GA,50,1761.4,117
891,0,24,PA,50,3568.71,328
892,0,62,NY,10,233.21,73
893,0,54,GA,38,3406.71,66
894,0,70,OH,21,2716.41,232
895,1,19,CA,12,832.47,210
896,1,41,WA,7,2337.17,268
897,1,57,WA,8,4870.05,61
898,0,39,MA,24,472.77,24
899,0,46,IL,7,1346.53,361
900,1,55,WA,15,3186.73,77
901,0,42,NY,15,3701.39,1
902,1,67,MA,38,802.36,176
903,0,22,TX,4,4577.1,320
904,1,49,FL,1,148.67,198
905,1,47,OH,47,2437.65,151
906,1,55,OH,29,1982.74,270
907,1,63,IL,28,3943.75,255
908,0,63,TX,4,937.02,303
909,1,24,NY,28,2846.96,130
910,1,58,TX,23,692.56,192
911,0,22,WA,45,3040.22,159
912,0,56,CA,44,4032.33,287
913,0,30,NY,15,4626.73,138
914,0,49,GA,22,2836.36,80
915,0,31,OH,22,2582.37,12
916,1,61,GA,1,280.67,352
917,1,66,WA,21,4300.91,238
918,0,57,GA,4,4701.01,293
919,0,19,NY,48,3499.59,157
920,0,31,OH,5,4061.07,329
921,0,69,IL,41,798.68,99
922,1,54,MA,48,1748.32,71
923,0,61,MA,6,3197.57,271
924,1,20,TX,1,80.73,224
925,1,28,OH,37,219.63,56
926,1,49,CA,34,653.79,292
927,1,60,IL,4,740.01,17
928,1,58,GA,32,3474.23,286
929,1,47,WA,36,3035.49,35
930,0,60,OH,37,2471.52,235
931,1,46,GA,26,2746.19,350
932,1,25,CA,40,817.27,30
933,1,24,GA,7,2170.01,170
934,1,32,TX,4,4262.82,121
935,1,45,IL,14,4006.85,285
936,1,43,FL,50,3749.34,287
937,0,37,CA,20,709.11,342
938,1,49,MA,17,2504.26,206
939,1,44,IL,22,417.06,301
940,0,66,MA,29,3734.26,269
941,1,22,PA,38,2944.31,113
942,1,41,GA,33,2339.42,48
943,0,21,OH,20,4845.71,349
944,1,25,PA,21,2975.35,285
945,0,59,GA,40,2625.99,76
946,1,52,PA,1,3512.35,105
947,0,66,TX,43,520.06,285
948,0,52,IL,11,2518.28,94
949,1,33,PA,44,4387.61,349
950,0,27,CA,20,691.81,102
951,1,38,WA,49,1794.23,270
952,1,26,MA,35,923.43,348
953,0,32,NY,2,914.72,250
954,1,42,OH,47,3245.83,114
955,0,29,MA,41,349.4,249
956,1,18,NY,3,3847.91,196
957,1,40,GA,12,1425.67,228
958,0,19,MA,37,4281.0,216
959,0,59,FL,45,3681.97,202
960,0,63,OH,28,4431.5,29
961,0,69,CA,29,3422.51,8
962,0,23,MA,40,2796.56,314
963,0,54,TX,6,3888.72,247
964,1,62,GA,23,3774.55,122
965,1,24,MA,22,4406.53,208
966,0,65,OH,35,4289.38,5
967,1,36,NY,19,50.3,258
968,1,59,MA,9,2414.62,70
969,1,66,MA,9,4644.62,241
970,1,49,WA,39,1770.82,196
971,1,38,IL,12,4061.53,245
972,0,34,NY,42,668.34,175
973,1,59,CA,34,4889.62,268
974,0,31,IL,42,2129.45,2
975,0,26,TX,30,850.28,53
976,1,30,OH,43,3962.73,349
977,0,39,OH,18,408.77,302
978,1,59,IL,10,3730.96,45
979,0,37,TX,43,966.53,346
980,0,51,OH,37,4735.21,330
981,0,68,WA,50,2469.18,230
982,0,65,WA,37,218.57,201
983,0,19,IL,5,4337.01,360
984,1,49,OH,49,415.83,233
985,0,55,FL,4,1603.3,289
986,1,65,PA,15,976.5,91
987,1,68,GA,47,4233.82,353
988,1,63,FL,2,1228.32,97
989,0,61,WA,37,4049.06,342
990,1,35,NY,14,4829.64,282
991,0,58,CA,8,730.97,186
992,0,68,FL,28,3322.25,206
993,0,43,MA,44,518.07,162
994,0,55,NY,38,4409.72,17
995,0,65,NY,29,4219.73,312
996,0,68,FL,39,3526.09,267
997,0,52,GA,22,3521.49,236
998,1,68,CA,44,394.1,299
999,1,70,NY,23,1757.44,349
1000,0,66,PA,35,2479.56,279
1001,1,45,PA,7,1299.32,297
1002,0,43,WA,33,3937.78,50
1003,1,25,WA,21,1479.5,345
1004,1,64,NY,11,1430.17,11
1005,1,26,NY,42,564.17,138
1006,1,29,TX,44,3836.28,28
1007,1,60,MA,32,1634.81,200
1008,0,26,NY,2,2868.86,332
1009,1,35,NY,7,1517.88,251
1010,1,39,CA,18,3165.01,86
1011,0,29,PA,5,1412.44,177
1012,0,60,OH,3,2171.4,155
1013,1,18,IL,30,1527.34,218
1014,0,47,GA,20,2104.84,188
1015,1,60,GA,38,1079.63,153
1016,1,70,WA,45,128.5,104
1017,1,25,TX,27,3142.86,223
1018,1,38,CA,27,1025.97,252
1019,0,41,WA,15,1973.68,187
1020,1,41,WA,14,4759.93,2
1021,1,52,WA,29,737.16,314
1022,0,34,MA,48,4638.94,261
1023,0,39,PA,33,4803.7,148
1024,0,68,FL,12,4519.88,293
1025,0,69,FL,21,977.19,8
1026,1,60,OH,29,4442.76,277
1027,0,66,FL,40,2453.21,154
1028,1,63,WA,3,691.27,294
1029,0,58,MA,22,4542.4,78
1030,1,25,PA,47,2418.61,52
1031,1,30,IL,28,92.68,310
1032,0,38,FL,13,4600.72,293
1033,0,55,CA,3,2400.76,152
1034,0,54,CA,35,4874.01,61
1035,1,21,GA,25,2482.83,354
1036,1,43,TX,30,2268.52,288
1037,0,48,TX,21,2430.24,30
1038,0,24,IL,7,3414.23,10
1039,0,25,OH,49,1026.2,351
1040,1,63,PA,8,2451.22,310
1041,0,57,PA,42,94.51,203
1042,0,27,GA,36,786.07,46
1043,0,39,NY,24,3498.57,188
1044,1,26,GA,50,3772.08,213
1045,1,45,NY,46,3350.72,40
1046,0,52,MA,14,1830.48,32
1047,0,18,WA,37,4091.08,17
1048,0,43,PA,39,907.41,251
1049,0,46,IL,11,3213.11,102
1050,0,60,MA,18,1912.77,150
1051,0,45,FL,27,638.96,88
1052,0,62,CA,42,3194.48,335
1053,1,51,GA,1,918.29,364
1054,0,44,MA,39,3542.55,289
1055,0,30,CA,16,4048.97,118
1056,0,65,TX,21,3835.61,223
1057,1,68,MA,47,2200.54,63
1058,0,50,GA,8,3350.85,18
1059,0,55,GA,49,2827.75,289
1060,0,54,NY,24,1329.26,124
1061,1,60,TX,47,2019.46,2
1062,1,66,IL,22,2043.94,7
1063,1,69,TX,39,2544.93,181
1064,1,64,CA,42,3169.79,208
1065,0,54,IL,30,4731.66,177
1066,0,58,TX,32,3267.79,212
1067,1,36,CA,42,4345.12,285
1068,0,61,IL,20,3051.39,6
1069,1,26,CA,18,4419.94,242
1070,0,21,PA,17,2982.04,28
1071,0,38,MA,5,3585.6,115
1072,1,29,NY,32,196.09,9
1073,0,33,WA,42,2378.24,223
1074,1,47,GA,31,2632.2,288
1075,0,40,WA,19,898.53,341
1076,1,47,TX,32,4346.97,235
1077,0,50,TX,45,1338.47,80
1078,0,34,FL,38,2971.36,147
1079,1,67,NY,48,3501.76,128
1080,1,68,TX,41,727.77,23
1081,1,20,CA,22,3409.75,94
1082,0,56,MA,1,3309.35,223
1083,0,57,WA,23,375.05,67
1084,0,29,FL,20,1494.93,212
1085,0,43,PA,17,273.8,150
1086,1,38,CA,44,3628.12,16
1087,0,39,MA,41,1572.18,284
1088,0,53,CA,33,3648.4,165
1089,0,69,TX,16,1850.48,327
1090,1,35,NY,19,1216.91,182
1091,1,44,OH,47,2772.8,231
1092,1,59,GA,45,982.46,94
1093,0,50,WA,48,498.81,159
1094,0,46,IL,32,836.93,158
1095,1,34,PA,6,1671.08,225
1096,0,26,GA,11,4848.54,327
1097,1,45,IL,45,4555.51,175
1098,1,47,OH,39,3904.09,33
1099,0,34,WA,4,4589.44,276
1100,1,62,WA,44,2974.74,285
1101,1,53,OH,38,2550.72,23
1102,0,24,IL,15,335.38,78
1103,1,39,OH,23,3520.06,280
1104,1,25,GA,21,767.55,67
1105,1,43,IL,19,2005.37,182
1106,0,51,WA,22,1522.22,323
1107,0,34,WA,32,2201.08,102
1108,1,57,TX,29,1301.29,329
1109,1,55,OH,24,4100.57,222
1110,0,60,GA,9,4575.22,190
1111,1,41,CA,28,4159.18,322
1112,0,29,TX,35,1050.1,310
1113,0,43,PA,2,4046.54,146
1114,0,36,MA,33,893.12,86
1115,0,48,CA,26,3354.92,90
1116,1,24,OH,13,527.72,175
1117,1,51,OH,25,966.07,40
1118,0,37,IL,23,1500.55,319
1119,1,57,NY,4,2115.21,225
1120,1,69,GA,23,1055.35,69
1121,0,45,OH,27,4322.48,65
1122,1,29,IL,12,781.08,339
1123,0,24,MA,11,3427.69,142
1124,1,28,OH,10,2318.12,13
1125,1,53,WA,48,1212.97,244
1126,0,19,MA,41,2344.39,240
1127,1,42,GA,29,1406.95,114
1128,0,54,TX,18,519.94,77
1129,0,23,FL,25,2041.23,133
1130,0,46,CA,21,438.33,143
1131,0,32,PA,30,4250.9,88
1132,1,54,OH,14,2499.97,352
1133,1,52,TX,42,654.83,93
1134,0,56,CA,11,3260.13,28
1135,0,24,OH,24,4935.21,356
1136,1,38,WA,4,4809.14,270
1137,1,25,WA,40,2262.26,41
1138,0,31,MA,8,266.68,80
1139,0,65,CA,46,1407.24,29
1140,0,49,MA,33,3431.46,11
1141,1,33,IL,37,2989.88,15
1142,1,45,OH,2,3369.46,124
1143,1,27,TX,44,4554.07,48
1144,1,19,WA,29,4385.63,303
1145,0,65,GA,30,4011.71,103
1146,1,64,PA,41,2830.09,246
1147,1,20,FL,16,286.9,126
1148,0,63,MA,44,2289.15,333
1149,0,48,PA,8,432.44,94
1150,0,25,PA,23,78.53,254
1151,0,48,TX,3,3261.12,255
1152,1,52,NY,31,3155.28,43
1153,0,22,OH,1,533.01,33
1154,0,57,GA,29,4804.11,231
1155,0,55,TX,42,2606.16,281
1156,1,57,PA,42,1178.56,47
1157,1,29,NY,35,4324.35,25
1158,1,59,MA,9,3308.65,227
1159,1,30,MA,5,1269.5,314
1160,0,20,NY,17,3112.93,347
1161,1,20,MA,17,3286.93,196
1162,0,65,MA,33,3238.6,107
1163,1,53,MA,33,4790.7,228
1164,1,46,WA,37,3044.14,132
1165,1,50,NY,47,3033.48,225
1166,1,49,GA,43,2861.27,269
1167,0,39,WA,6,1358.08,46
1168,0,23,OH,35,4868.37,51
1169,1,68,MA,21,3301.5,49
1170,0,50,NY,30,4369.76,87
1171,0,46,PA,24,1413.85,188
1172,1,43,NY,47,400.02,110
1173,1,51,GA,30,3306.89,236
1174,1,69,WA,4,2748.34,218
1175,1,65,FL,36,1202.88,225
1176,1,45,GA,3,4606.31,304
1177,0,25,CA,19,2953.44,118
1178,0,27,PA,20,2283.75,96
1179,1,49,IL,3,371.07,81
1180,1,26,CA,35,711.75,155
1181,0,18,IL,33,3251.86,296
1182,0,43,MA,40,3815.03,102
1183,1,20,NY,24,1589.65,256
1184,0,45,CA,48,1556.51,194
1185,0,63,GA,10,509.99,68
1186,1,42,MA,26,3169.29,333
1187,0,52,FL,13,4663.63,345
1188,1,32,IL,10,3868.12,202
1189,0,62,IL,36,4232.57,73
1190,1,65,MA,12,3119.99,53
1191,1,22,CA,18,3976.28,64
1192,0,41,CA,40,4757.69,328
1193,0,37,GA,47,4774.9,272
1194,0,50,PA,30,2588.24,101
1195,1,53,FL,35,987.7,271
1196,0,41,OH,10,4156.45,251
1197,1,46,CA,26,3150.57,40
1198,0,53,TX,24,1193.02,182
1199,1,51,CA,11,4270.8,26
1200,1,53,OH,39,3702.13,45
1201,0,31,PA,31,3866.01,146
1202,1,65,FL,21,899.77,107
1203,1,50,TX,43,3743.72,55
1204,0,52,WA,39,100.72,99
1205,0,41,GA,4,2847.5,251
1206,0,45,FL,37,2462.91,155
1207,0,30,NY,26,886.32,277
1208,0,57,IL,28,1577.37,42
1209,1,68,MA,38,939.7,213
1210,1,27,NY,44,2512.55,99
1211,1,22,MA,32,2796.86,323
1212,1,64,NY,21,4952.61,251
1213,0,55,CA,45,735.58,139
1214,0,27,TX,44,857.5,170
1215,0,21,PA,3,4672.66,253
1216,1,32,MA,50,2193.85,118
1217,0,20,OH,45,4936.56,100
1218,1,37,NY,20,4673.69,59
1219,0,65,WA,12,849.62,242
1220,0,39,PA,31,957.4,43
1221,0,50,GA,48,2863.95,246
1222,1,26,PA,27,3313.47,78
1223,0,24,NY,46,2415.87,151
1224,1,22,FL,18,958.48,334
1225,1,69,TX,22,2647.32,307
1226,1,34,OH,1,4872.2,339
1227,0,34,GA,25,4808.48,176
1228,1,70,TX,11,4350.36,39
1229,0,35,CA,13,1858.32,289
1230,1,55,WA,22,3731.54,361
1231,1,18,CA,42,1517.24,169
1232,1,22,OH,6,2943.92,108
1233,1,29,OH,38,186.7,211
1234,1,63,OH,7,3795.99,159
1235,0,62,IL,30,628.23,168
1236,0,29,GA,33,1218.18,360
1237,0,66,OH,40,3429.12,255
1238,0,22,MA,28,574.21,20
1239,0,50,IL,49,1465.37,115
1240,0,37,OH,15,1713.33,179
1241,1,43,IL,29,2505.41,268
1242,1,69,GA,47,4264.6,300
1243,1,35,GA,41,2294.79,211
1244,1,66,IL,31,766.09,65
1245,0,36,IL,31,3401.92,171
1246,1,62,MA,36,3313.0,93
1247,1,34,IL,1,533.77,161
1248,1,44,MA,44,418.97,45
1249,0,67,FL,3,2402.3,260
1250,1,69,PA,32,4744.23,95
1251,0,39,FL,16,4009.68,252
1252,1,53,PA,44,4657.84,55
1253,1,29,GA,12,3371.45,119
1254,0,51,GA,22,4218.28,57
1255,0,31,OH,36,1019.58,246
1256,1,41,NY,39,3911.93,224
1257,0,32,MA,1,737.08,72
1258,1,22,NY,46,4071.31,229
1259,0,27,IL,43,254.97,225
1260,0,56,CA,42,2778.1,19
1261,1,21,TX,46,2827.23,94
1262,0,68,NY,49,3815.67,228
1263,1,29,NY,8,3236.88,72
1264,0,46,FL,39,547.65,8
1265,1,24,TX,43,200.05,84
1266,0,47,MA,39,441.8,271
1267,0,70,OH,31,1073.04,42
1268,0,47,CA,2,1143.51,214
1269,0,58,FL,21,991.62,185
1270,1,19,PA,8,2489.15,98
1271,1,53,NY,40,2010.1,39
1272,0,44,TX,35,58.89,271
1273,0,36,TX,22,3656.52,206
1274,1,37,OH,31,4148.9,1
1275,0,39,TX,3,207.93,239
1276,1,33,MA,8,1544.08,114
1277,0,28,CA,29,4101.93,67
1278,0,53,TX,18,3451.56,295
1279,0,40,FL,10,2254.97,41
1280,1,19,CA,6,4827.12,153
1281,1,68,GA,15,3711.73,336
1282,0,20,IL,31,3708.96,176
1283,0,63,FL,33,2682.69,267
1284,1,25,MA,9,3676.3,169
1285,0,20,OH,5,1652.06,30
1286,1,38,FL,17,2293.0,298
1287,0,57,TX,5,1896.4,37
1288,0,25,IL,44,793.28,207
1289,0,55,GA,31,417.08,127
1290,1,31,FL,14,4779.45,71
1291,0,65,OH,47,3287.91,364
1292,0,64,WA,36,3152.98,52
1293,0,43,FL,18,203.58,95
1294,1,44,PA,44,3343.42,87
1295,0,53,CA,17,3394.25,127
1296,0,39,WA,38,289.51,17
1297,0,43,CA,42,792.96,209
1298,0,34,GA,39,3999.57,72
1299,0,44,WA,22,798.95,150
1300,0,22,PA,18,1542.34,70
1301,1,46,OH,19,3061.98,244
1302,0,30,TX,45,1565.21,158
1303,0,47,FL,36,398.89,74
1304,0,51,OH,9,4448.07,342
1305,1,29,TX,41,2580.12,226
1306,0,21,PA,37,211.69,156
1307,1,49,WA,5,1328.78,120
1308,1,40,WA,46,2720.45,144
1309,0,60,IL,37,4905.82,202
1310,0,30,MA,21,2180.46,317
1311,0,54,MA,23,653.15,19
1312,1,47,WA,20,1405.37,135
1313,0,32,OH,19,169.47,231
1314,0,20,GA,37,98.82,81
1315,0,29,MA,5,4943.06,162
1316,1,38,WA,48,1540.85,206
1317,1,43,WA,18,1035.88,107
1318,1,49,FL,27,2087.7,309
1319,1,59,GA,49,2458.11,198
1320,1,37,IL,38,3386.48,225
1321,0,22,MA,33,1279.15,176
1322,1,24,CA,39,4866.74,249
1323,0,44,WA,7,4634.63,72
1324,0,36,TX,30,1874.09,6
1325,0,63,PA,29,171.61,24
1326,0,65,MA,22,1505.11,238
1327,1,61,TX,24,3281.22,319
1328,0,33,IL,35,3390.04,227
1329,1,28,TX,14,4053.12,143
1330,1,19,OH,13,3417.15,133
1331,1,61,WA,35,3357.02,103
1332,1,63,IL,49,3945.15,247
1333,1,24,CA,21,3277.66,155
1334,1,59,GA,44,4455.98,144
1335,0,41,WA,24,1056.89,316
1336,1,29,NY,17,2463.26,149
1337,1,70,MA,46,653.59,358
1338,0,34,WA,13,268.38,266
1339,0,47,FL,45,1075.75,174
1340,0,57,MA,7,2901.63,65
1341,0,61,IL,1,733.44,37
1342,0,63,WA,22,244.51,163
1343,1,32,TX,10,2588.21,54
1344,0,42,MA,27,1071.26,149
1345,0,24,WA,36,4236.98,323
1346,1,41,FL,20,3098.49,234
1347,1,29,WA,8,4172.5,275
1348,0,35,TX,21,1302.51,349
1349,0,41,NY,11,1086.24,208
1350,1,69,NY,10,2449.12,287
1351,0,70,CA,9,281.07,253
1352,1,60,GA,8,105.72,284
1353,0,27,TX,22,4934.09,234
1354,0,59,FL,26,4330.47,15
1355,0,24,TX,33,3840.25,75
1356,1,43,WA,6,2688.01,100
1357,0,27,TX,49,3360.78,357
1358,1,40,NY,27,4115.77,221
1359,0,41,IL,40,4728.59,218
1360,0,21,IL,41,3851.13,269
1361,0,66,CA,28,3991.37,348
1362,0,52,OH,19,4540.74,253
1363,1,61,IL,6,3318.78,323
1364,1,30,TX,37,2533.4,210
1365,1,64,OH,21,2265.84,296
1366,1,69,FL,25,4047.96,116
1367,0,41,FL,50,3963.5,64
1368,1,65,PA,19,1605.33,330
1369,1,30,NY,36,634.21,145
1370,0,32,FL,29,144.7,21
1371,0,66,PA,34,223.89,131
1372,0,45,FL,35,1447.37,222
1373,1,52,FL,30,3437.83,135
1374,0,20,FL,38,2803.69,45
1375,1,20,GA,22,2019.69,186
1376,1,21,TX,37,3975.21,176
1377,1,60,OH,33,158.67,38
1378,0,65,CA,36,1255.96,149
1379,1,68,CA,47,2714.58,214
1380,0,55,FL,33,2234.13,161
1381,1,65,TX,38,2201.01,255
1382,0,37,PA,8,2024.02,41
1383,1,33,CA,35,1124.86,99
1384,1,21,FL,49,2496.07,282
1385,1,65,WA,48,4630.36,135
1386,1,35,PA,8,2619.52,115
1387,0,54,WA,46,4850.71,231
1388,1,20,TX,1,2202.23,273
1389,0,43,TX,31,1706.37,82
1390,1,62,PA,10,3997.72,68
1391,0,38,CA,40,4856.02,233
1392,1,53,PA,27,1044.51,71
1393,1,69,MA,15,2194.32,49
1394,1,66,OH,29,4600.5,345
1395,1,70,IL,49,3850.78,75
1396,0,62,IL,9,2881.08,15
1397,0,48,FL,1,1757.71,54
1398,1,32,TX,34,4011.84,352
1399,0,60,IL,13,639.46,200
1400,1,51,FL,35,4387.26,254
1401,0,57,FL,39,1337.41,153
1402,1,66,WA,32,1867.49,108
1403,1,67,NY,3,1278.67,285
1404,0,62,FL,37,1319.3,151
1405,0,59,OH,42,2844.34,303
1406,0,38,CA,11,2999.5,127
1407,1,58,CA,20,1931.03,232
1408,0,20,CA,50,4252.08,291
1409,1,40,OH,38,4324.08,62
1410,1,41,OH,20,4246.78,35
1411,0,33,OH,48,4385.7,294
1412,0,24,NY,44,2423.75,1
1413,1,58,CA,4,2516.52,227
1414,1,28,OH,4,4513.0,158
1415,0,54,WA,23,4648.45,7
1416,0,43,TX,6,2658.82,360
1417,0,69,OH,38,841.87,339
1418,1,50,CA,42,4712.37,30
1419,0,20,GA,8,2801.64,39
1420,1,60,GA,31,1570.4,194
1421,0,38,MA,12,3312.52,29
1422,1,46,MA,27,4261.72,142
1423,1,56,MA,39,2913.13,23
1424,0,54,IL,36,790.37,17
1425,0,62,FL,49,801.17,266
1426,0,44,OH,4,2719.16,228
1427,0,60,IL,14,1209.35,92
1428,1,66,FL,22,3186.89,317
1429,1,29,WA,2,2674.03,306
1430,0,37,TX,37,4547.45,254
1431,1,65,IL,17,2890.32,324
1432,1,48,CA,44,3916.97,229
1433,1,68,PA,1,4113.9,163
1434,1,31,FL,7,1703.82,15
1435,1,37,PA,9,1418.73,160
1436,1,59,OH,24,1755.83,142
1437,0,64,WA,21,445.05,341
1438,1,63,CA,1,3666.75,353
1439,1,59,FL,1,623.39,68
1440,1,50,NY,37,1163.72,169
1441,1,65,PA,31,4682.24,156
1442,1,59,OH,46,4372.13,219
1443,0,37,CA,40,1783.54,155
1444,1,34,GA,26,4208.44,59
1445,1,38,IL,45,1869.17,211
1446,0,21,PA,14,3281.53,312
1447,1,56,FL,13,919.69,356
1448,0,56,MA,28,2485.53,243
1449,0,40,CA,9,2921.27,121
1450,1,41,OH,46,4025.15,143
1451,1,59,TX,25,3783.38,241
1452,0,60,NY,13,3828.25,191
1453,0,48,GA,18,4910.56,207
1454,0,35,MA,33,4780.51,229
1455,0,34,PA,23,4180.12,232
1456,0,42,PA,18,3749.02,25
1457,1,45,FL,5,1441.97,360
1458,0,60,NY,29,1194.41,202
1459,1,61,WA,42,3724.17,194
1460,0,68,NY,4,1177.86,111
1461,0,32,CA,17,3256.32,251
1462,1,22,OH,41,4997.57,43
1463,1,69,OH,44,4452.99,94
1464,0,57,WA,50,2782.42,16
1465,0,42,IL,45,2702.49,43
1466,1,51,OH,36,4751.12,99
1467,0,68,PA,29,4960.75,138
1468,1,33,TX,2,1687.39,105
1469,0,51,TX,50,2369.49,242
1470,1,48,MA,3,2963.38,272
1471,0,34,NY,29,2250.33,219
1472,1,58,OH,28,259.41,204
1473,0,51,NY,14,2557.47,205
1474,0,54,MA,44,3068.68,174
1475,1,56,WA,17,4187.21,282
1476,0,41,TX,21,2263.29,86
1477,0,26,WA,20,3499.58,236
1478,1,61,FL,10,2464.15,129
1479,1,36,GA,37,692.81,193
1480,1,70,CA,25,3822.95,228
1481,1,29,OH,26,399.53,56
1482,1,43,FL,3,2832.53,190
1483,0,25,MA,34,1134.55,302
1484,1,27,NY,7,4662.31,61
1485,0,53,PA,25,128.14,155
1486,1,49,MA,31,2257.01,360
1487,0,66,IL,19,1058.32,58
1488,1,63,GA,2,368.21,245
1489,0,46,CA,23,3461.51,27
1490,1,58,WA,40,2850.21,17
1491,1,53,OH,23,4943.89,26
1492,1,55,MA,49,4613.2,139
1493,0,46,FL,37,3788.53,309
1494,1,58,CA,45,763.16,126
1495,0,45,GA,6,2339.64,178
1496,1,56,WA,38,4627.12,283
1497,0,25,OH,26,4118.7,188
1498,0,22,WA,26,3030.05,11
1499,0,28,IL,14,3790.23,149
1500,0,25,TX,29,2949.02,360
1501,1,25,FL,22,4196.22,103
1502,1,58,CA,19,3473.84,148
1503,1,33,IL,37,595.26,326
1504,0,41,WA,31,2265.15,102
1505,0,69,PA,20,3642.9,246
1506,0,61,PA,25,1041.52,131
1507,0,21,IL,17,4162.5,6
1508,0,30,OH,12,2095.42,255
1509,1,33,WA,42,1062.73,354
1510,0,59,NY,1,4720.52,42
1511,1,40,CA,34,3657.64,157
1512,0,64,MA,21,373.94,51
1513,1,31,CA,16,988.24,55
1514,0,56,FL,35,3249.07,357
1515,1,65,OH,10,858.39,158
1516,0,23,IL,11,2425.36,249
1517,1,35,IL,11,971.4,166
1518,0,56,GA,5,1516.11,141
1519,0,63,MA,16,3782.66,133
1520,1,41,MA,47,2807.55,119
1521,1,27,OH,25,3959.96,292
1522,0,34,MA,37,4658.95,108
1523,0,65,PA,19,4037.64,161
1524,0,39,WA,7,996.84,226
1525,0,46,CA,29,2805.01,137
1526,1,18,IL,24,1314.09,201
1527,0,36,IL,47,2061.77,7
1528,0,51,FL,44,693.63,63
1529,1,52,IL,16,1544.79,226
1530,0,27,PA,3,3437.79,35
1531,1,18,CA,38,1055.8,260
1532,1,21,FL,2,3563.37,98
1533,1,29,CA,47,2838.61,303
1534,1,27,TX,5,188.6,272
1535,0,69,TX,32,1494.16,267
1536,0,37,CA,47,4936.46,207
1537,1,43,NY,50,1129.58,7
1538,1,55,TX,29,1134.88,7
1539,1,69,GA,16,2031.5,362
1540,0,58,WA,48,3164.06,280
1541,1,69,GA,36,2533.55,283
1542,0,28,PA,13,4941.91,126
1543,1,25,MA,44,4960.43,214
1544,1,23,PA,18,1640.92,355
1545,1,29,IL,24,2506.22,124
1546,1,49,MA,48,3811.26,137
1547,0,24,PA,22,1848.75,352
1548,1,65,NY,41,3418.96,262
1549,0,27,IL,50,490.21,241
1550,1,55,MA,48,4642.9,278
1551,1,62,NY,11,3995.08,299
1552,1,56,WA,17,4310.65,125
1553,0,55,OH,6,4921.97,18
1554,0,18,CA,9,1985.8,158
1555,0,65,NY,29,2234.94,88
1556,1,55,OH,48,693.21,75
1557,0,24,CA,7,491.5,298
1558,1,52,FL,10,677.39,111
1559,1,58,TX,6,4347.51,107
1560,0,46,PA,25,1186.39,140
1561,0,59,TX,30,1336.39,178
1562,1,33,FL,15,3366.93,62
1563,1,20,PA,26,2507.2,162
1564,0,58,OH,12,4271.6,238
1565,0,18,GA,14,4627.41,153
1566,1,55,IL,37,2494.21,266
1567,1,64,CA,34,138.28,296
1568,1,52,IL,16,2716.69,118
1569,0,52,IL,31,3416.59,49
1570,0,64,TX,6,591.2,256
1571,1,46,PA,11,1890.57,320
1572,1,69,CA,1,4823.8,161
1573,1,69,IL,5,1233.71,357
1574,0,60,TX,32,4614.42,260
1575,0,21,IL,2,4820.68,242
1576,1,30,NY,28,1420.98,187
1577,0,59,PA,13,3767.01,143
1578,1,55,CA,6,4554.6,323
1579,1,70,GA,5,4799.62,362
1580,1,52,GA,1,561.86,317
1581,1,28,TX,15,2080.27,258
1582,0,69,PA,48,448.01,291
1583,0,48,GA,32,2454.74,245
1584,0,49,MA,10,1342.73,332
1585,0,41,FL,42,115.61,210
1586,1,29,OH,25,2454.95,219
1587,1,60,PA,26,2237.37,174
1588,1,30,TX,17,260.32,105
1589,0,27,GA,16,1382.35,275
1590,1,68,FL,5,2696.66,325
1591,0,48,PA,3,1165.17,102
1592,1,40,OH,48,2013.48,33
1593,1,51,IL,7,4307.03,107
1594,0,56,WA,39,1786.33,298
1595,0,37,FL,26,362.84,251
1596,1,31,PA,46,4477.06,109
1597,1,28,TX,19,3959.47,332
1598,1,52,WA,17,961.37,195
1599,1,47,NY,6,882.55,85
1600,0,52,MA,11,1808.52,59
1601,0,65,OH,34,1116.3,58
1602,1,35,OH,22,3461.32,207
1603,1,25,TX,31,1775.27,21
1604,1,36,GA,48,2178.38,77
1605,1,28,OH,31,2895.47,206
1606,0,25,IL,43,3162.51,320
1607,0,29,FL,20,1598.11,43
1608,1,49,OH,48,1002.97,292
1609,0,34,WA,16,2831.8,221
1610,1,53,OH,8,1057.58,109
1611,1,56,WA,2,4155.18,70
1612,0,34,IL,26,3125.57,37
1613,0,26,GA,16,2284.9,319
1614,1,48,WA,34,2519.62,349
1615,0,25,PA,12,4819.17,127
1616,1,36,IL,8,539.78,98
1617,0,53,WA,17,4140.43,250
1618,1,29,GA,39,1191.56,329
1619,1,34,FL,4,4613.91,45
1620,0,43,OH,11,3080.23,206
1621,1,60,GA,20,1730.72,180
1622,1,47,OH,49,4732.97,193
1623,1,47,NY,32,3084.22,219
1624,1,68,WA,31,3633.62,308
1625,0,27,IL,33,699.66,197
1626,0,31,GA,11,4392.07,177
1627,0,41,MA,11,4854.46,45
1628,0,37,MA,18,78.69,199
1629,0,23,CA,10,286.5,81
1630,0,53,OH,46,3630.6,310
1631,0,26,PA,47,171.38,23
1632,1,69,MA,32,1293.49,190
1633,1,20,CA,29,869.31,237
1634,1,30,PA,8,4939.1,79
1635,1,57,WA,15,1188.9,9
1636,1,42,CA,46,759.54,182
1637,0,21,IL,27,2885.33,281
1638,0,61,PA,29,3984.15,197
1639,0,35,IL,28,4769.66,173
1640,1,31,IL,30,621.44,107
1641,0,51,MA,30,715.63,51
1642,0,21,CA,23,3793.28,226
1643,1,24,FL,3,2278.43,147
1644,1,23,CA,31,3800.36,284
1645,1,40,TX,39,3026.68,315
1646,0,35,CA,9,504.63,287
1647,1,37,CA,26,482.73,205
1648,1,38,GA,5,2359.58,254
1649,1,65,WA,23,2335.38,347
1650,1,38,MA,8,3092.36,327
1651,0,56,TX,38,1925.14,42
1652,1,19,CA,49,4413.0,50
1653,0,50,MA,50,4787.76,81
1654,1,25,WA,29,4029.74,116
1655,0,49,PA,33,3262.63,161
1656,0,65,OH,9,768.31,211
1657,0,54,CA,32,896.17,127
1658,1,54,NY,36,1244.59,38
1659,1,42,GA,26,739.77,327
1660,0,50,WA,6,2794.02,116
1661,1,62,GA,28,1448.0,142
1662,0,67,WA,21,3790.53,190
1663,0,42,IL,25,2155.74,69
1664,1,36,GA,20,4032.03,161
1665,1,34,NY,10,542.0,128
1666,1,20,PA,21,1650.24,26
1667,0,55,IL,31,2715.27,175
1668,1,42,GA,37,1673.48,335
1669,0,20,CA,26,1346.74,92
1670,1,65,FL,43,1888.0,270
1671,1,52,CA,6,2869.31,258
1672,0,45,TX,40,3958.69,75
1673,0,44,FL,47,3856.13,47
1674,0,23,GA,36,3435.15,31
1675,0,66,PA,34,3819.68,54
1676,1,26,GA,34,2583.81,15
1677,0,28,CA,24,4979.29,334
1678,1,64,WA,9,227.06,194
1679,1,52,NY,30,4328.02,8
1680,0,55,PA,36,2674.85,306
1681,1,51,FL,28,4045.36,360
1682,0,32,IL,18,355.48,349
1683,1,55,NY,35,2390.52,347
1684,0,32,WA,17,3002.69,75
1685,1,29,IL,24,3873.98,331
1686,0,53,WA,36,1785.58,187
1687,1,49,OH,6,423.52,232
1688,1,50,CA,46,4644.1,247
1689,0,21,CA,17,853.12,310
1690,1,26,FL,4,2656.95,129
1691,0,68,PA,28,827.91,210
1692,0,50,TX,37,4852.04,180
1693,1,21,GA,28,1106.92,29
1694,0,31,IL,25,3008.96,300
1695,1,25,MA,49,812.02,283
1696,0,28,GA,22,2247.19,160
1697,1,54,IL,7,2440.05,42
1698,1,51,IL,10,4716.24,107
1699,0,37,TX,2,2741.44,144
1700,1,50,TX,1,2197.6,347
1701,1,45,MA,18,2649.35,281
1702,0,63,CA,13,2483.0,283
1703,1,24,TX,29,1565.42,258
1704,1,30,MA,38,800.62,48
1705,1,44,WA,3,762.35,355
1706,1,61,WA,22,2278.35,306
1707,0,32,FL,37,612.85,305
1708,0,31,OH,2,1729.5,320
1709,0,51,TX,4,1487.93,245
1710,1,27,NY,3,566.15,199
1711,1,33,PA,11,2885.68,163
1712,0,52,IL,18,1697.06,4
1713,0,36,IL,27,985.2,155
1714,1,31,CA,17,4062.12,169
1715,1,45,FL,40,4878.36,10
1716,1,64,PA,33,220.51,162
1717,1,60,MA,32,4834.32,304
1718,1,36,PA,27,1033.95,30
1719,1,61,NY,14,675.53,82
1720,0,30,GA,42,3307.27,277
1721,1,57,PA,30,3587.16,104
1722,0,61,NY,26,2443.35,6
1723,0,56,GA,40,1732.53,244
1724,1,42,MA,36,3945.44,246
1725,1,47,OH,12,4468.45,43
1726,1,58,NY,8,1841.82,257
1727,1,44,IL,14,4927.94,154
1728,0,47,TX,46,3537.14,273
1729,0,57,PA,16,898.59,104
1730,0,25,CA,43,3848.42,185
1731,0,64,GA,15,1584.09,300
1732,0,47,MA,1,1888.48,281
1733,1,59,IL,46,2515.96,79
1734,1,47,GA,15,4826.39,167
1735,1,55,MA,41,468.45,176
1736,0,66,OH,18,367.49,259
1737,1,60,FL,12,2306.57,325
1738,1,35,TX,24,2380.26,197
1739,0,43,CA,39,91.99,303
1740,1,29,IL,22,3753.01,344
1741,0,37,MA,4,411.37,106
1742,0,32,FL,23,2848.91,46
1743,1,37,FL,35,4155.98,164
1744,1,32,FL,17,2031.73,188
1745,1,29,WA,34,1924.5,103
1746,0,57,WA,26,1707.48,86
1747,1,39,CA,27,1215.37,324
1748,1,18,MA,20,2467.99,242
1749,0,43,OH,27,336.39,4
1750,1,64,NY,1,223.77,287
1751,0,34,IL,12,1131.81,271
1752,1,40,CA,2,152.81,212
1753,1,52,OH,45,4586.54,1
1754,1,20,WA,9,3371.28,120
1755,0,44,NY,10,1932.64,203
1756,1,63,CA,27,4036.77,248
1757,0,37,PA,14,1766.8,167
1758,0,70,PA,20,3410.68,59
1759,0,55,NY,33,3090.26,199
1760,1,28,TX,29,3565.43,354
1761,0,45,WA,6,4917.21,306
1762,1,33,WA,18,4463.63,222
1763,1,61,CA,11,4555.75,278
1764,0,31,GA,41,3486.88,273
1765,0,50,WA,9,3466.83,126
1766,1,23,MA,28,4951.18,78
1767,0,68,MA,45,3354.75,32
1768,0,47,TX,46,4844.49,270
1769,0,28,WA,42,3600.61,328
1770,1,63,OH,17,729.24,40
1771,1,35,NY,19,388.26,261
1772,1,33,WA,4,2362.58,184
1773,0,34,WA,17,583.53,192
1774,0,20,GA,38,1351.04,256
1775,0,56,MA,47,1147.78,339
1776,1,37,TX,35,2208.04,264
1777,0,67,NY,10,1092.6,79
1778,0,20,TX,34,3973.22,294
1779,0,41,PA,30,4239.17,98
1780,0,67,WA,10,4562.45,127
1781,0,42,IL,41,4370.96,174
1782,0,56,FL,45,4012.92,221
1783,1,45,TX,13,4289.27,43
1784,1,54,OH,34,1106.83,182
1785,0,58,WA,2,3761.64,350
1786,1,38,GA,5,4730.39,30
1787,1,18,OH,34,4277.39,45
1788,0,35,OH,17,1392.62,195
1789,0,58,CA,30,4433.76,58
1790,0,35,FL,6,3021.93,210
1791,1,28,MA,23,4426.41,45
1792,0,24,OH,21,1268.78,166
1793,1,68,OH,37,1417.84,135
1794,0,52,TX,18,2354.93,286
1795,1,29,WA,17,3027.99,77
1796,0,53,GA,41,2558.1,64
1797,0,26,FL,36,1874.16,109
1798,0,26,IL,3,788.68,288
1799,0,32,IL,40,3237.75,329
1800,1,39,NY,17,4571.98,328
1801,1,20,WA,12,2900.82,332
1802,1,33,IL,36,4543.65,50
1803,1,45,TX,25,88.01,299
1804,1,64,MA,33,1230.89,310
1805,1,61,IL,38,1521.43,12
1806,0,38,FL,44,705.63,201
1807,1,38,WA,21,1744.55,352
1808,0,28,IL,50,3533.32,170
1809,0,21,CA,36,3821.07,110
1810,1,66,WA,6,2076.17,41
1811,1,40,OH,36,4016.81,49
1812,0,40,MA,14,2400.91,52
1813,1,68,TX,10,407.55,11
1814,1,36,IL,48,258.46,21
1815,1,51,OH,24,4442.3,141
1816,0,69,TX,46,694.14,16
1817,0,32,TX,46,2048.31,51
1818,1,50,GA,38,1905.55,312
1819,0,54,OH,15,257.22,356
1820,0,22,MA,28,705.01,51
1821,1,37,WA,18,4814.53,173
1822,0,59,PA,37,542.76,256
1823,0,22,GA,21,1031.84,139
1824,1,36,MA,45,3110.92,136
1825,0,64,OH,12,2968.4,158
1826,0,39,IL,4,3873.95,56
1827,0,22,CA,25,1890.54,321
1828,0,37,FL,28,1389.04,205
1829,0,55,NY,18,4253.85,142
1830,1,70,CA,26,2068.75,199
1831,0,47,WA,29,3694.2,278
1832,1,50,OH,40,1514.81,290
1833,1,42,NY,45,2845.11,46
1834,1,43,GA,37,2981.47,56
1835,0,53,IL,1,4810.56,265
1836,1,34,PA,11,3220.38,162
1837,0,61,CA,28,1855.37,327
1838,1,18,TX,7,774.59,65
1839,0,46,TX,9,2783.41,178
1840,1,49,NY,4,2216.13,264
1841,1,63,IL,34,4119.81,102
1842,0,50,NY,32,3096.46,197
1843,0,41,WA,46,4122.3,129
1844,0,31,CA,6,2795.36,139
1845,0,31,FL,43,2688.71,25
1846,1,28,PA,33,1533.9,150
1847,1,27,GA,22,2000.43,263
1848,1,46,GA,43,1821.53,224
1849,0,61,CA,15,470.6,232
1850,0,64,TX,25,500.44,252
1851,0,53,FL,10,3624.08,173
1852,0,26,TX,42,2270.42,362
1853,0,68,OH,42,4083.8,313
1854,0,35,WA,32,4697.98,185
1855,0,39,PA,9,3786.19,203
1856,0,34,TX,44,2607.24,99
1857,1,23,WA,35,2932.49,158
1858,0,52,MA,12,1945.69,298
1859,0,54,TX,34,4479.23,76
1860,1,41,IL,47,4776.92,267
1861,0,44,TX,38,1491.75,229
1862,1,69,TX,7,3232.13,219
1863,1,33,WA,5,2669.24,181
1864,1,68,OH,34,3688.06,93
1865,0,24,NY,42,4871.59,182
1866,0,61,IL,30,2020.41,232
1867,1,41,MA,41,3470.79,105
1868,0,43,IL,19,1810.08,199
1869,0,19,NY,24,3921.48,212
1870,0,21,TX,10,2337.82,306
1871,1,48,WA,11,2843.6,134
1872,1,20,CA,46,2107.79,309
1873,1,49,CA,49,3167.67,181
1874,1,39,GA,21,1708.97,298
1875,0,58,WA,32,1973.99,112
1876,1,26,WA,7,4257.61,77
1877,1,61,TX,12,3244.0,66
1878,0,35,NY,26,1976.8,181
1879,0,28,IL,36,1898.21,307
1880,1,66,GA,1,253.71,345
1881,1,60,TX,32,252.16,338
1882,1,58,NY,35,2117.98,204
1883,1,51,OH,49,2977.71,46
1884,1,66,NY,19,3548.68,281
1885,1,18,PA,29,1181.23,329
1886,0,31,CA,18,786.17,260
1887,1,42,OH,28,4441.0,275
1888,0,29,MA,25,697.53,216
1889,0,61,CA,14,565.66,122
1890,0,28,WA,15,2539.61,23
1891,1,56,TX,49,3407.88,143
1892,0,32,WA,36,1179.84,162
1893,0,22,FL,15,2808.06,269
1894,1,32,CA,40,3936.66,7
1895,0,67,NY,12,3608.61,99
1896,0,62,WA,3,3598.35,257
1897,0,48,PA,42,1259.27,268
1898,0,52,MA,15,1825.97,61
1899,0,19,IL,18,1722.23,298
1900,1,70,FL,48,3280.77,284
1901,0,60,NY,36,2645.57,254
1902,1,37,TX,6,183.92,347
1903,1,57,PA,2,4319.32,160
1904,0,55,TX,44,4188.85,365
1905,1,21,PA,37,2305.12,76
1906,1,34,NY,2,1470.01,76
1907,1,53,WA,14,880.7,166
1908,0,49,NY,42,3576.06,213
1909,1,64,TX,29,2700.99,248
1910,0,55,PA,11,4256.42,347
1911,1,47,CA,49,2005.26,135
1912,0,23,GA,25,4861.51,154
1913,1,53,TX,10,4235.85,253
1914,0,58,CA,13,3835.27,266
1915,1,57,IL,31,1707.52,217
1916,0,23,GA,42,2227.31,218
1917,0,39,WA,11,4987.44,328
1918,1,18,CA,13,1373.73,190
1919,1,22,WA,33,1643.35,296
1920,0,45,WA,7,4353.1,93
1921,1,29,WA,12,3697.88,364
1922,1,50,IL,25,2868.09,140
1923,1,41,GA,35,620.05,114
1924,1,35,IL,22,2483.46,248
1925,1,57,PA,13,645.15,109
1926,1,48,PA,47,2243.09,275
1927,0,66,TX,23,2805.7,30
1928,1,32,MA,31,3229.27,303
1929,0,25,GA,9,3300.19,205
1930,1,34,TX,7,2058.97,225
1931,1,21,FL,25,4033.39,281
1932,1,40,PA,36,196.09,245
1933,0,32,MA,19,2629.35,336
1934,0,53,NY,25,3842.34,273
1935,1,47,CA,36,1592.05,100
1936,0,47,TX,39,3629.47,259
1937,0,48,PA,15,3730.8,186
1938,0,29,NY,40,2457.62,245
1939,1,51,PA,2,4056.93,273
1940,1,25,TX,36,446.44,145
1941,0,19,WA,31,2713.56,65
1942,0,50,NY,16,916.47,88
1943,0,63,PA,12,841.31,69
1944,0,58,IL,2,1623.26,16
1945,0,27,TX,26,1445.11,268
1946,1,44,WA,42,2161.82,300
1947,1,33,MA,47,1655.77,1
1948,1,66,MA,14,1591.53,271
1949,1,70,TX,19,4297.61,88
1950,1,43,WA,49,2794.23,137
1951,1,54,TX,12,3752.92,263
1952,1,63,GA,18,2348.98,89
1953,1,48,CA,48,1864.31,5
1954,0,22,PA,7,4890.64,307
1955,0,59,TX,10,2428.83,206
1956,0,62,TX,29,4667.94,252
1957,1,27,NY,16,3002.48,255
1958,0,56,OH,24,4990.77,38
1959,0,67,CA,30,1968.59,117
1960,0,37,IL,19,352.55,334
1961,1,35,CA,20,2873.83,80
1962,1,30,IL,46,1013.42,76
1963,0,23,NY,41,4917.45,152
1964,0,33,PA,44,2658.93,249
1965,1,58,OH,8,1011.0,145
1966,0,26,PA,4,3782.19,110
1967,1,39,TX,17,1189.72,204
1968,1,24,MA,32,3573.65,10
1969,1,53,CA,36,1021.68,12
1970,1,26,TX,43,1311.2,54
1971,1,67,PA,13,1110.17,181
1972,1,63,MA,14,1202.35,222
1973,1,53,WA,4,4595.38,256
1974,1,33,TX,18,2472.85,342
1975,0,18,GA,17,4294.9,258
1976,1,61,NY,47,494.76,122
1977,1,38,PA,21,4785.9,53
1978,0,58,MA,29,3264.17,10
1979,0,41,PA,26,2905.9,83
1980,1,47,OH,3,1363.85,39
1981,0,33,WA,3,3052.39,288
1982,0,50,MA,34,4552.11,40
1983,0,43,TX,42,3853.92,309
1984,1,42,FL,25,1522.85,52
1985,1,58,TX,27,1392.06,230
1986,0,48,CA,24,4329.16,129
1987,0,32,IL,8,676.21,244
1988,0,49,TX,12,2659.89,11
1989,0,42,FL,39,609.78,236
1990,1,66,CA,23,304.59,354
1991,1,52,WA,32,1364.59,158
1992,1,18,IL,26,4862.98,216
1993,1,67,PA,16,680.85,145
1994,1,34,MA,19,3493.97,316
1995,0,60,OH,48,662.65,104
1996,1,66,TX,3,579.98,81
1997,1,37,PA,13,2816.78,191
1998,1,54,MA,21,849.95,257
1999,0,43,OH,42,1959.35,335
2000,0,60,GA,33,4171.38,31
